opName	Title	Coding
t3_1gdxnha	Does MSc. Computer Science (thesis &amp; non-thesis) have rolling admissions?	Administrative 	
t3_1gc3sip	How do I become a compsci bro ðŸ˜­	Course Specific
t3_1gdooej	McGill Balkan Society	Social 	
t3_1gd0efi	Is Library 3D Printing Open	ISO 	
t3_1gbxfex	Econ 250 and 257 midterms	Exams 
t3_1gdrcqh	Anyone else have a persistant sore throat? (living in rez in particular)	ISO 	
t3_1gebcin	Q about using MyCreds e-transcript for a CGS-M (SSHRC) application	Administrative 
t3_1gd4gir	Is a Masterâ€™s Degree worth pursuing in my case?	Advice 
t3_1gcftd7	as an international student, what is your monthly allowance (if you have one)?	International FAQ
t3_1gdpkzy	MTL FRIENDS :,)	Social
t3_1gcdwfs	Health Science related design or research  clubs at McGill Social 
t3_1gd6v3d	Carnival &amp; Hypeweek	Social
t3_1gdap8s	PHIL 210 Help	Course Specific
t3_1gcuwzn	Where can I learn how to drive?	ISO
t3_1gcsq3h	Psychiatry vs Psychology	Course Specific 
t3_1ge5xib	Am I cooked if Iâ€™m about to graduate but remembers nothing from my classes ?	Advice 
t3_1gea6ze	Soci 235	Course Specific	
t3_1gcsiph	MATH223 deferred midterm1	Exams 
t3_1gegt8m	phil 210 midterm	Exams 
t3_1gdiwcj	opus card renewal as a full time student for one semester	Advice
t3_1gdpnx0	FINE 443 with larbi final exam	Exams 
t3_1gcycyh	Pharmacology bachelor	Advice 
t3_1gdlvji	COMP 549 as a second year?	Course Specific
t3_1gcwq8p	So what's the secret to doing well in PHGY/ANAT?	Course Specific 
t3_1gdcujn	Choice of minor	Advice 
t3_1gcttdr	Buy Nothing group for Milton-Parc	Social
t3_1gc4wf1	courseload question	Advice 
t3_1gd4xpo	Relg338	Course Specific 
t3_1gdfhi4	COMP273, COMP302, MATH240, ECON230D1, ECON304	Advice 
t3_1gd01w1	Studying abroad 2025	Advice 
t3_1gdc8wx	phil 210 midterm	Exams 
t3_1gca0vn	Any current/former students of the MPP program at the Max Bell School of Public Policy able to answer some questions about the program? 	Advice 
t3_1gc6hdg	mgcr 271 midterm	Exams 
t3_1gei43p	aesthetic libraries	ISO
t3_1gee0id	ling 425	Course Specific 
t3_1ge4684	Math 323 - midterm grades	Course Specific
t3_1gdto9v	BIOL 301 vs CHEM 222	Exams 
t3_1ge71pp	Having someone over in rez	Advice 
t3_1gdtge6	good news monday	Social
t3_1gdmvqu	WHEN DO THEY TURN ON THE HEAT???	ISO
t3_1gc2xe2	Grade Updatedâ€¦	Exams 
t3_1gdoiq4	Skipping club meeting to see visiting out-of-province best friend?	Advice 
t3_1gchbzp	Curving grades at McGill 	Advice 
t3_1geeg0y	Beyond cooked	Advice 
t3_1gc61nr	Asking help to finding this mcgill backpack (probably adidas brand)	ISO
t3_1gehdl4	Should I skip fall 2024 convocation?	Advice 
t3_1gd7xsn	Bioc 311	Course Specific 
t3_1ge0yjf	Short Term Student Housing	Residence in Montreal
t3_1gdg428	MATH222 fall 2024 (calculus 3) is hell	Course Specific
t3_1gc4xdf	do redbirds hockey games have beer at concession?	Social 
