Name	Title	Coding 
t3_1gl7xmw	ACCO 435 written group case report	Course Specific Advice
t3_1glm00j	Minor in psychology from business student??	General Advice
t3_1gleb6a	Biol 202 midterm	Course Specific Exams
t3_1glilqm	What's the difference between these two ? (Graduate, Gina Cody)	General Advice
t3_1glf6db	HELP	General Advice
t3_1glsytp	Is there a midterm 2 comp232	Course Specific Exams
t3_1gl8z8b	Any poli 203 students open to studying together?	ISO
t3_1gl7nt0	We got this guys üëçüèº	Social
t3_1glstcb	Phy 204 grades are out	Course Specific Exams
t3_1gltwvz	COOP Fees	Administrative
t3_1gljr6e	COMP 352 midterm	Course Specific Exams
t3_1glj1uo	Don Toliver	Social
t3_1gls1uk	is JMSB a gunner school	General Advice
t3_1glqgnb	Math 209 and 208	Course Specific Advice
t3_1gl8sht	Mental health services	Administrative
t3_1glc8u7	Enrolling In A Minor	Administrative
t3_1gls2y5	Failing	General Advice
t3_1gldqt5	Concordia maths 205 exemption	Course Specific Advice
t3_1gli14h	Looking to sell my iPad	ISO
t3_1gl7ryl	STOP BOOKING ROOMS IF YOURE ONE FUCKING PERSON	General Advice